"","Sample
Name","Name","Batch_No","Vial","Inj","Inj.
Vol.
(uL)","Ch.
No.","RT
(min)","Std
Weight","Std_
DilnFactor","Std_
WC_LOD","Std_
Avg_Area","Potency","Sample
Weight","Dilution","Spl_wc
LOD_Solv","Sample
Area
(µV*sec)","Result","Result
Id"
"1","Cefpodoxime Proxetil 1_1","Kno-IPA","403RMJ0074","Tray 2:8","1","1000","8","14.249","243.400","0.00040","0.00000","9584.3722","99.960","99.4000","0.5000","0.00000","3031","154.8","7754"
"Mean","","","","","","","","","","","","","","","","","3031","154.8","Name: Kno-Methanol"
